Df,Sum Sq,Mean Sq,F value,Pr(>F)
1,1.0630971305331748e-9,1.0630971305331748e-9,0.19131194676337474,0.6647648056195818
3,8.298991558499422e-10,2.7663305194998073e-10,0.049782100043014914,0.9850399082884775
1,1.4820037001430985e-10,1.4820037001430985e-10,0.026669718583729466,0.8713024433950766
3,3.645639882779188e-9,1.2152132942597293e-9,0.21868634048608945,0.8827036451625654
1,7.9751219450312945e-14,7.9751219450312945e-14,1.4351803435063798e-5,0.9970008384828015
3,1.7641876640807345e-8,5.880625546935782e-9,1.0582607075672208,0.38045973948807094
3,7.551924604362906e-9,2.517308201454302e-9,0.45300764981098174,0.7169620269805879
32,1.778200930605673e-7,5.5568779081427284e-9,NA,NA
